{"_abc_cache": {"_iterating": {}, "_pending_removals": [], "data": {}}, "n_neighbors": 3, "n_jobs": 1, "algorithm": {}, "_abc_negative_cache": {"_iterating": {}, "_pending_removals": [], "data": {}}, "metric": {}, "_pairwise": false, "metric_params": {}, "p": 2, "effective_metric_params_": {}, "_abc_negative_cache_version": 43, "leaf_size": 30, "_fit_method": {}, "radius": 1.0, "_tree": {"node_data": [[0, 30, 1, 26983.733333333334]], "data": [[-25813.0, -547.0], [-25281.0, 4013.0], [-26527.0, -5457.0], [-24701.0, -7236.0], [1016.0, 5117.0], [-28872.0, -1959.0], [-2219.0, 5146.0], [-29180.0, 2484.0], [-28093.0, 1584.0], [-27850.0, 4597.0], [-25787.0, -9701.0], [-25163.0, -269.0], [-11397.0, 1379.0], [-22846.0, -5774.0], [-20997.0, -4713.0], [-27768.0, -236.0], [-29486.0, -1989.0], [-4034.0, 3360.0], [-8318.0, 1032.0], [-5045.0, 9335.0], [-8912.0, 16183.0], [-6226.0, 6509.0], [-26233.0, -2313.0], [-22637.0, -13112.0], [-28421.0, -10543.0], [-22174.0, -3348.0], [-4177.0, 8213.0], [-17934.0, -3990.0], [-26227.0, 2947.0], [-30155.0, -637.0]], "valid_metrics": ["chebyshev", "sokalmichener", "canberra", "haversine", "rogerstanimoto", "matching", "dice", "euclidean", "braycurtis", "russellrao", "cityblock", "manhattan", "infinity", "jaccard", "seuclidean", "sokalsneath", "kulsinski", "minkowski", "mahalanobis", "p", "l2", "hamming", "l1", "wminkowski", "pyfunc"], "idx_array": [0, 1, 2, 3, 4, 5, 6, 7, 8, 9, 10, 11, 12, 13, 14, 15, 16, 17, 18, 19, 20, 21, 22, 23, 24, 25, 26, 27, 28, 29], "node_bounds": [[[-19715.233333333334, 2.5]]]}, "_abc_registry": {"_iterating": {}, "_pending_removals": [], "data": {}}, "effective_metric_": {}, "_fit_X": [[-25813, -547], [-25281, 4013], [-26527, -5457], [-24701, -7236], [1016, 5117], [-28872, -1959], [-2219, 5146], [-29180, 2484], [-28093, 1584], [-27850, 4597], [-25787, -9701], [-25163, -269], [-11397, 1379], [-22846, -5774], [-20997, -4713], [-27768, -236], [-29486, -1989], [-4034, 3360], [-8318, 1032], [-5045, 9335], [-8912, 16183], [-6226, 6509], [-26233, -2313], [-22637, -13112], [-28421, -10543], [-22174, -3348], [-4177, 8213], [-17934, -3990], [-26227, 2947], [-30155, -637]]}