{"_abc_cache": {"_iterating": {}, "_pending_removals": [], "data": {}}, "n_neighbors": 3, "n_jobs": 1, "algorithm": {}, "_abc_negative_cache": {"_iterating": {}, "_pending_removals": [], "data": {}}, "metric": {}, "_pairwise": false, "metric_params": {}, "p": 2, "effective_metric_params_": {}, "_abc_negative_cache_version": 43, "leaf_size": 30, "_fit_method": {}, "radius": 1.0, "_tree": {"node_data": [[0, 30, 1, 15.571663873116663]], "data": [[7.463039101211406, -0.953762076929861], [7.691380722352141, -0.8641401301717987], [-2.516273881079657, 5.52968184519819], [5.943536543850344, -0.17550022007705923], [6.952365005287676, 4.32590293932386], [-1.530696645879641, 3.6303356031477167], [-4.713956548410169, 0.6789550177732856], [-5.47919505938758, 0.5246575688108324], [8.108030543907722, -7.228920790795359], [-5.844732798452121, 1.876495806369544], [-4.954959637541187, -0.9913330906143116], [-0.1869032909736965, 3.9527606122864087], [3.7766857930714055, 3.1156086484625964], [6.909459072385355, -0.9809945953768314], [-2.9690537294912214, 10.546994970209738], [7.308569698187464, -1.3394813140766184], [6.218258478359864, 4.290346929109425], [6.081421427073108, 4.07610185632389], [-2.8635667974011687, 0.6651570694626951], [6.3481022953622634, -9.022049159669173], [8.064727601869535, -7.259918693451249], [-2.1954169748436136, 2.8026541033261942], [5.686237512093822, 3.977215280165448], [-1.8017955547600508, 6.045541431445067], [5.965894656224274, -8.34598097522867], [7.440867705718176, 5.008125839957263], [7.2100644116530095, -2.7260026125229895], [-3.892797666414295, 10.560936847352243], [4.774946327874711, 4.365725342440725], [-2.590957424213089, 0.7802860548798495]], "valid_metrics": ["chebyshev", "sokalmichener", "canberra", "haversine", "rogerstanimoto", "matching", "dice", "euclidean", "braycurtis", "russellrao", "cityblock", "manhattan", "infinity", "jaccard", "seuclidean", "sokalsneath", "kulsinski", "minkowski", "mahalanobis", "p", "l2", "hamming", "l1", "wminkowski", "pyfunc"], "idx_array": [0, 1, 2, 3, 4, 5, 6, 7, 8, 9, 10, 11, 12, 13, 14, 15, 16, 17, 18, 19, 20, 21, 22, 23, 24, 25, 26, 27, 28, 29], "node_bounds": [[[2.346776029587827, 1.2288466702377019]]]}, "_abc_registry": {"_iterating": {}, "_pending_removals": [], "data": {}}, "effective_metric_": {}, "_fit_X": [[7.463039101211406, -0.953762076929861], [7.691380722352141, -0.8641401301717987], [-2.516273881079657, 5.52968184519819], [5.943536543850344, -0.17550022007705923], [6.952365005287676, 4.32590293932386], [-1.530696645879641, 3.6303356031477167], [-4.713956548410169, 0.6789550177732856], [-5.47919505938758, 0.5246575688108324], [8.108030543907722, -7.228920790795359], [-5.844732798452121, 1.876495806369544], [-4.954959637541187, -0.9913330906143116], [-0.1869032909736965, 3.9527606122864087], [3.7766857930714055, 3.1156086484625964], [6.909459072385355, -0.9809945953768314], [-2.9690537294912214, 10.546994970209738], [7.308569698187464, -1.3394813140766184], [6.218258478359864, 4.290346929109425], [6.081421427073108, 4.07610185632389], [-2.8635667974011687, 0.6651570694626951], [6.3481022953622634, -9.022049159669173], [8.064727601869535, -7.259918693451249], [-2.1954169748436136, 2.8026541033261942], [5.686237512093822, 3.977215280165448], [-1.8017955547600508, 6.045541431445067], [5.965894656224274, -8.34598097522867], [7.440867705718176, 5.008125839957263], [7.2100644116530095, -2.7260026125229895], [-3.892797666414295, 10.560936847352243], [4.774946327874711, 4.365725342440725], [-2.590957424213089, 0.7802860548798495]]}