{"_abc_cache": {"_iterating": {}, "_pending_removals": [], "data": {}}, "n_neighbors": 3, "n_jobs": 1, "algorithm": {}, "_abc_negative_cache": {"_iterating": {}, "_pending_removals": [], "data": {}}, "metric": {}, "_pairwise": false, "metric_params": {}, "p": 2, "effective_metric_params_": {}, "_abc_negative_cache_version": 43, "leaf_size": 30, "_fit_method": {}, "radius": 1.0, "_tree": {"node_data": [[0, 30, 1, 62643.433333333334]], "data": [[23291.0, -26221.0], [26087.0, 12468.0], [22918.0, 19203.0], [28456.0, 14560.0], [-17836.0, 6760.0], [5093.0, 24178.0], [12324.0, 22446.0], [19473.0, -21903.0], [-28846.0, 28499.0], [-13853.0, 11827.0], [23521.0, 14466.0], [16874.0, -10364.0], [23984.0, -24961.0], [22893.0, -26853.0], [-21094.0, 31664.0], [17961.0, -24221.0], [20223.0, -5731.0], [5564.0, 27711.0], [19795.0, -24286.0], [-15044.0, 9950.0], [-22080.0, 29929.0], [21413.0, -27393.0], [8656.0, 20858.0], [8164.0, 28676.0], [25097.0, -1626.0], [8055.0, 24698.0], [30855.0, 17440.0], [21013.0, -2764.0], [27123.0, -5786.0], [6146.0, 24049.0]], "valid_metrics": ["chebyshev", "sokalmichener", "canberra", "haversine", "rogerstanimoto", "matching", "dice", "euclidean", "braycurtis", "russellrao", "cityblock", "manhattan", "infinity", "jaccard", "seuclidean", "sokalsneath", "kulsinski", "minkowski", "mahalanobis", "p", "l2", "hamming", "l1", "wminkowski", "pyfunc"], "idx_array": [0, 1, 2, 3, 4, 5, 6, 7, 8, 9, 10, 11, 12, 13, 14, 15, 16, 17, 18, 19, 20, 21, 22, 23, 24, 25, 26, 27, 28, 29], "node_bounds": [[[10874.2, 5575.766666666666]]]}, "_abc_registry": {"_iterating": {}, "_pending_removals": [], "data": {}}, "effective_metric_": {}, "_fit_X": [[23291, -26221], [26087, 12468], [22918, 19203], [28456, 14560], [-17836, 6760], [5093, 24178], [12324, 22446], [19473, -21903], [-28846, 28499], [-13853, 11827], [23521, 14466], [16874, -10364], [23984, -24961], [22893, -26853], [-21094, 31664], [17961, -24221], [20223, -5731], [5564, 27711], [19795, -24286], [-15044, 9950], [-22080, 29929], [21413, -27393], [8656, 20858], [8164, 28676], [25097, -1626], [8055, 24698], [30855, 17440], [21013, -2764], [27123, -5786], [6146, 24049]]}